mysql> use student;
Database changed
mysql> select*from stu;
+--------+-----------+------+--------+------------+-----------+-----------+
| rollno | name      | dept | gender | DOB        | city      | mobile_no |
+--------+-----------+------+--------+------------+-----------+-----------+
|    271 | sai       | cse  | M      | 2003-10-30 | chitoor   |  98262944 |
|    273 | sangeetha | cse  | F      | 2003-06-26 | CHENNAI   |   6324234 |
|    274 | sumithra  | cse  | M      | 2002-01-16 | cuddalore | 637435711 |
+--------+-----------+------+--------+------------+-----------+-----------+
3 rows in set (0.00 sec)

mysql> create view stu_view as
    -> select Rollno,Name,DOB from stu;
Query OK, 0 rows affected (0.01 sec)

mysql> select * from stu_view;
+--------+-----------+------------+
| Rollno | Name      | DOB        |
+--------+-----------+------------+
|    271 | sai       | 2003-10-30 |
|    273 | sangeetha | 2003-06-26 |
|    274 | sumithra  | 2002-01-16 |
+--------+-----------+------------+
3 rows in set (0.00 sec)
